name,password,email,phone_number
Michael Thomas,)XKNgNio9a,lisasmith@example.net,246.723.4517x431
Jerry Cameron,*0MT^J8^$u,shawlisa@example.com,(757)925-8439x15009
Tina Wall,&U0Zpf+mwJ,antonio45@example.net,8884007071
Nicholas Christensen,_NbLNiPy82,ymontoya@example.org,+1-652-484-6164x6853
Summer Perez,%0@dXSro9_,matthewrichardson@example.org,624-426-6471x9009
Kristin Gross,N5B6OcK+!C,kellyrachel@example.org,001-835-800-5290x22275
Jade Good,QR9XHmaq!e,alanmoran@example.com,(593)523-7935
Shelly Walton,N+3+AoZi#e,reneejohnson@example.com,618-653-6894x630
Susan Long,r3HdFvFJ&P,ggregory@example.net,(274)455-2111
Emily Smith,&I0KIaOkR0,tapiaderrick@example.com,+1-414-846-1219x7390
